id,first_name,last_name,email,gender,ip_address,country
1,Renelle,Hallut,rhallut0@mail.ru,Female,113.173.71.197,Belgium
2,Sallyanne,Stobo,sstobo1@craigslist.org,Female,98.108.254.17,China
3,Della,Ketcher,dketcher2@a8.net,Female,28.37.109.61,China
4,Myrta,Learmont,mlearmont3@wordpress.com,Female,101.20.114.1,China
5,Jeff,Gillimgham,jgillimgham4@discuz.net,Male,91.58.161.237,China
6,Leia,Shilladay,lshilladay5@yale.edu,Female,55.78.13.101,Colombia
7,Harp,McConnulty,hmcconnulty6@reference.com,Male,185.29.21.213,Canada
8,Jeniffer,Gidman,jgidman7@edublogs.org,Female,32.57.89.98,Croatia
9,Jackelyn,Dixcey,jdixcey8@google.cn,Female,101.113.244.191,China
10,Romain,Petlyura,rpetlyura9@omniture.com,Male,196.193.0.137,China
11,Hussein,Island,hislanda@techcrunch.com,Male,29.154.156.27,Greece
12,Caye,Stannion,cstannionb@arstechnica.com,Female,219.85.8.188,United Kingdom
13,Egan,Dymoke,edymokec@gnu.org,Male,38.2.8.37,Poland
14,Kirk,Smiz,ksmizd@pagesperso-orange.fr,Male,192.249.15.252,Indonesia
15,Tiler,Greenrod,tgreenrode@jiathis.com,Male,117.38.65.145,Senegal
16,Wendy,Brickham,wbrickhamf@myspace.com,Female,96.182.219.178,China
17,Clementine,Bastide,cbastideg@thetimes.co.uk,Female,118.240.218.120,China
18,Hamil,Grise,hgriseh@github.com,Male,127.231.88.190,China
19,Isacco,Miell,imielli@prweb.com,Male,91.75.103.39,Indonesia
20,Sheffield,Rossander,srossanderj@yellowpages.com,Male,178.45.206.146,Poland
21,Jephthah,Leyden,jleydenk@irs.gov,Male,49.47.223.141,Poland
22,Salome,Shanley,sshanleyl@paypal.com,Female,4.151.79.118,Indonesia
23,Roi,Hoffmann,rhoffmannm@spiegel.de,Male,225.85.27.167,Russia
24,Nate,Wolledge,nwolledgen@alexa.com,Male,139.88.5.10,United States
25,June,Kennford,jkennfordo@themeforest.net,Female,69.226.183.162,Indonesia
26,Colet,Chaters,cchatersp@blinklist.com,Male,18.152.50.109,Indonesia
27,Selia,Borgne,sborgneq@smugmug.com,Female,127.21.222.44,China
28,Ellette,Romagosa,eromagosar@seesaa.net,Female,107.210.30.28,Philippines
29,Diego,Chown,dchowns@multiply.com,Male,171.114.28.248,Slovenia
30,Reena,Sember,rsembert@netvibes.com,Female,214.239.120.111,Indonesia
31,Corrie,Agostini,cagostiniu@google.co.uk,Female,221.248.168.237,Portugal
32,Katy,Lebourn,klebournv@army.mil,Female,253.166.91.107,China
33,Ephrem,Calladine,ecalladinew@csmonitor.com,Male,78.242.151.139,Peru
34,Giulio,Roche,grochex@devhub.com,Male,239.83.173.21,France
35,Kizzie,Shaefer,kshaefery@shareasale.com,Female,211.80.39.79,Russia
36,Forbes,Eddow,feddowz@sina.com.cn,Male,119.119.164.241,China
37,Charley,O'Carran,cocarran10@businessinsider.com,Male,224.232.201.16,Macedonia
38,Lorens,Saph,lsaph11@uol.com.br,Male,89.187.187.70,Vietnam
39,Berrie,Danelut,bdanelut12@si.edu,Female,204.148.135.171,China
40,Merle,Westney,mwestney13@myspace.com,Male,41.104.2.210,Ireland
41,Ricky,Toop,rtoop14@hugedomains.com,Female,148.157.158.103,China
42,Vachel,Donan,vdonan15@merriam-webster.com,Male,125.183.242.211,Macedonia
43,Christal,Heskin,cheskin16@go.com,Female,244.125.207.86,Sweden
44,Gawen,Riddett,griddett17@wisc.edu,Male,175.186.115.168,Greece
45,Alyosha,Ricoald,aricoald18@examiner.com,Male,157.62.239.199,France
46,Klement,Greves,kgreves19@arstechnica.com,Male,235.237.3.187,Greece
47,Homere,MacAndie,hmacandie1a@angelfire.com,Male,241.103.158.74,Philippines
48,Olimpia,Rigolle,origolle1b@smugmug.com,Female,231.122.106.24,China
49,Dani,Piddlesden,dpiddlesden1c@gnu.org,Male,179.23.9.79,Saudi Arabia
50,Sherline,Gaskill,sgaskill1d@domainmarket.com,Female,230.51.98.114,Czech Republic
51,Eada,Hedan,ehedan1e@soup.io,Female,179.43.228.108,China
52,Chrisy,McLucky,cmclucky1f@eepurl.com,Male,97.102.100.234,Poland
53,Hilda,Feehery,hfeehery1g@unicef.org,Female,98.86.105.44,Indonesia
54,Yanaton,De Mico,ydemico1h@google.pl,Male,77.97.84.99,China
55,Karlens,Allsworth,kallsworth1i@columbia.edu,Male,140.87.139.43,China
56,Rhoda,Schankelborg,rschankelborg1j@nhs.uk,Female,216.59.42.242,Maldives
57,Frank,Banaszczyk,fbanaszczyk1k@clickbank.net,Male,120.207.250.61,Afghanistan
58,Shamus,Niesel,sniesel1l@marketwatch.com,Male,45.241.38.224,Macedonia
59,Cindra,Cullin,ccullin1m@phpbb.com,Female,17.12.46.228,France
60,Stesha,Rainy,srainy1n@google.fr,Female,61.97.52.45,Russia
61,Caresa,Pund,cpund1o@cornell.edu,Female,198.175.164.9,Brazil
62,Codie,McCafferty,cmccafferty1p@tinypic.com,Male,218.190.141.223,China
63,Jarrett,Pettingill,jpettingill1q@prnewswire.com,Male,86.247.194.174,Philippines
64,Jacquenette,Wannop,jwannop1r@patch.com,Female,49.16.224.229,China
65,Lonee,Akrigg,lakrigg1s@vk.com,Female,51.218.233.4,Mexico
66,Alec,Shilleto,ashilleto1t@altervista.org,Male,223.195.252.86,United States
67,Eartha,Inkpen,einkpen1u@uol.com.br,Female,159.143.105.202,Thailand
68,Nisse,Jelleman,njelleman1v@cnet.com,Female,66.8.50.109,Japan
69,Filmore,Kunath,fkunath1w@mysql.com,Male,88.49.146.81,Brazil
70,Doralynne,Bossons,dbossons1x@wired.com,Female,193.200.84.73,Slovenia
71,Caroljean,Nanninini,cnanninini1y@biglobe.ne.jp,Female,162.147.48.11,Uganda
72,Aloin,Fairholme,afairholme1z@jalbum.net,Male,12.36.177.221,Colombia
73,Porty,Agirre,pagirre20@hubpages.com,Male,57.61.190.176,Russia
74,Deanne,Roadnight,droadnight21@ameblo.jp,Female,163.120.156.39,Venezuela
75,Meade,Erbe,merbe22@aol.com,Female,146.182.160.208,China
76,Lanna,Pitts,lpitts23@mtv.com,Female,253.9.182.177,China
77,Chelsy,Biesterfeld,cbiesterfeld24@nytimes.com,Female,25.130.24.207,China
78,Tracie,Cello,tcello25@tinypic.com,Female,181.32.97.4,Russia
79,Enrika,Crombleholme,ecrombleholme26@naver.com,Female,175.107.125.117,Equatorial Guinea
80,Jolynn,Blease,jblease27@cnbc.com,Female,22.147.89.54,Brazil
81,Jacobo,Foucard,jfoucard28@techcrunch.com,Male,135.161.40.31,Bulgaria
82,Marco,Howsley,mhowsley29@icq.com,Male,134.103.22.212,Sweden
83,Elianore,Reeves,ereeves2a@phpbb.com,Female,95.185.109.197,Brazil
84,Gloria,Rayer,grayer2b@smugmug.com,Female,130.37.215.0,Brazil
85,Candie,Farnin,cfarnin2c@simplemachines.org,Female,242.67.127.6,Indonesia
86,Darbee,Withinshaw,dwithinshaw2d@time.com,Male,165.252.228.114,Russia
87,Blondie,Strettle,bstrettle2e@ucoz.ru,Female,243.54.155.221,Brazil
88,Chrissie,Mowle,cmowle2f@senate.gov,Male,51.177.98.118,Philippines
89,Bernarr,Oulet,boulet2g@chron.com,Male,15.109.169.58,Portugal
90,Doris,Champneys,dchampneys2h@springer.com,Female,81.19.69.19,Vietnam
91,Dolli,Pettersen,dpettersen2i@psu.edu,Female,7.227.143.1,China
92,Allie,Diament,adiament2j@angelfire.com,Male,173.76.255.2,Russia
93,Danella,Tilio,dtilio2k@hatena.ne.jp,Female,137.75.152.217,Indonesia
94,Siouxie,Lake,slake2l@shinystat.com,Female,11.200.121.24,China
95,Bret,Stiggles,bstiggles2m@nationalgeographic.com,Male,211.210.55.53,Ukraine
96,Arly,Pindar,apindar2n@hostgator.com,Female,65.101.97.138,Japan
97,Raul,Krzysztofiak,rkrzysztofiak2o@dagondesign.com,Male,180.228.125.177,Greece
98,Meriel,Orneblow,morneblow2p@ovh.net,Female,190.123.163.240,Finland
99,Emmalynn,Dawidowicz,edawidowicz2q@arizona.edu,Female,190.62.9.182,Spain
100,Wolfie,Sarll,wsarll2r@cyberchimps.com,Male,126.50.152.153,Mexico
101,Link,Roller,lroller2s@youku.com,Male,159.195.181.58,Latvia
102,Humfrid,Strangwood,hstrangwood2t@cocolog-nifty.com,Male,36.154.130.206,Russia
103,Ashia,Pound,apound2u@examiner.com,Female,89.11.87.156,Philippines
104,Henrieta,Treweek,htreweek2v@latimes.com,Female,111.154.63.235,China
105,Griffith,Bosquet,gbosquet2w@thetimes.co.uk,Male,79.22.147.184,Indonesia
106,Shani,Pfaffel,spfaffel2x@sciencedaily.com,Female,135.193.149.64,Haiti
107,Doralin,Abazi,dabazi2y@live.com,Female,200.95.161.146,Mexico
108,Esmaria,Hackworth,ehackworth2z@blinklist.com,Female,228.179.89.78,China
109,Siouxie,Bloxsome,sbloxsome30@ow.ly,Female,238.227.25.105,Philippines
110,Paulie,Hamly,phamly31@dell.com,Female,139.180.116.94,Indonesia
111,Damaris,Brunton,dbrunton32@clickbank.net,Female,13.98.94.182,Bolivia
112,Adolphus,McGillacoell,amcgillacoell33@soundcloud.com,Male,243.205.213.188,China
113,Kippy,Lorkins,klorkins34@ebay.co.uk,Male,103.236.165.120,China
114,Chaim,Mathiot,cmathiot35@nbcnews.com,Male,24.240.198.54,Afghanistan
115,Sallee,Close,sclose36@prnewswire.com,Female,179.84.92.30,Indonesia
116,Crista,Dibben,cdibben37@ehow.com,Female,215.72.3.208,Norway
117,Dulciana,Sturdgess,dsturdgess38@tripadvisor.com,Female,23.115.111.130,France
118,Melly,Seyler,mseyler39@netscape.com,Female,154.32.7.20,Iran
119,Marchall,Whereat,mwhereat3a@netlog.com,Male,162.246.60.187,Malaysia
120,Chris,Inderwick,cinderwick3b@dell.com,Female,57.2.224.249,Peru
121,Mandy,Vasyutkin,mvasyutkin3c@gravatar.com,Female,170.108.106.173,Ukraine
122,Eugenie,Papworth,epapworth3d@amazon.co.uk,Female,199.174.98.13,Brazil
123,Gage,Alexandrou,galexandrou3e@icio.us,Male,75.97.130.175,Brazil
124,Urbano,Bent,ubent3f@google.it,Male,87.182.25.94,Poland
125,Concordia,Conachie,cconachie3g@altervista.org,Female,100.86.194.168,China
126,Corette,Cadman,ccadman3h@comsenz.com,Female,8.39.232.139,Brazil
127,Melanie,Geekie,mgeekie3i@miitbeian.gov.cn,Female,139.9.120.5,China
128,Pepito,Payn,ppayn3j@ucoz.com,Male,55.155.53.237,Indonesia
129,Kai,Surgenor,ksurgenor3k@typepad.com,Female,27.28.171.173,Russia
130,Cordie,Follit,cfollit3l@addtoany.com,Male,146.206.76.76,Thailand
131,Hilly,Rumford,hrumford3m@amazon.co.uk,Male,144.42.3.113,France
132,Stace,Morales,smorales3n@sciencedirect.com,Female,253.9.50.244,China
133,Oralee,Flounders,oflounders3o@mac.com,Female,203.175.68.110,Indonesia
134,Ilaire,D'Adda,idadda3p@techcrunch.com,Male,74.152.229.158,France
135,Durand,Latliff,dlatliff3q@foxnews.com,Male,146.139.117.12,Indonesia
136,Matilda,Kennealy,mkennealy3r@histats.com,Female,160.86.46.210,China
137,Rachelle,Tooke,rtooke3s@google.com,Female,34.133.199.87,Afghanistan
138,Hubert,Lemar,hlemar3t@amazonaws.com,Male,217.222.30.83,Honduras
139,Haydon,Schiell,hschiell3u@cam.ac.uk,Male,30.73.150.61,Russia
140,Bailey,Skillicorn,bskillicorn3v@irs.gov,Male,190.63.224.151,Philippines
141,Lira,Touzey,ltouzey3w@amazonaws.com,Female,101.204.81.107,Uganda
142,Fairfax,Trewman,ftrewman3x@hexun.com,Male,253.242.11.226,Peru
143,Den,Bronot,dbronot3y@cnn.com,Male,113.22.161.219,Russia
144,Dell,Mushrow,dmushrow3z@1und1.de,Male,32.100.27.25,United Kingdom
145,Doralin,O'Hagirtie,dohagirtie40@abc.net.au,Female,31.254.0.146,China
146,Danielle,Ilott,dilott41@webmd.com,Female,37.177.242.124,Cuba
147,Portie,Lerigo,plerigo42@ucla.edu,Male,209.95.140.20,China
148,Phyllys,Wickens,pwickens43@about.com,Female,240.71.114.63,Canada
149,Koo,Gogay,kgogay44@squidoo.com,Female,159.48.155.163,Indonesia
150,Bary,Heibel,bheibel45@statcounter.com,Male,250.224.179.191,Indonesia
151,Lana,Harnell,lharnell46@mayoclinic.com,Female,105.115.83.228,Portugal
152,Rorie,Renals,rrenals47@weather.com,Female,219.203.56.182,Indonesia
153,Jacklyn,Clipsham,jclipsham48@utexas.edu,Female,196.0.43.221,Philippines
154,Lennard,Howbrook,lhowbrook49@wunderground.com,Male,250.162.236.159,Djibouti
155,Oby,Pennick,opennick4a@mtv.com,Male,50.70.110.241,China
156,Goldia,Outlaw,goutlaw4b@salon.com,Female,201.244.175.182,Russia
157,Sianna,Olsson,solsson4c@who.int,Female,137.242.3.138,China
158,Saunders,Fullick,sfullick4d@instagram.com,Male,145.98.234.208,Brazil
159,Arnold,Tindall,atindall4e@timesonline.co.uk,Male,3.33.173.123,United States
160,Fabe,Gehring,fgehring4f@123-reg.co.uk,Male,89.10.81.59,Indonesia
161,Hetty,Pruvost,hpruvost4g@cargocollective.com,Female,137.159.173.87,Portugal
162,Chrisy,Vint,cvint4h@ning.com,Male,0.163.208.144,Russia
163,Maxy,Oloshin,moloshin4i@biglobe.ne.jp,Male,115.214.197.95,China
164,Rowland,Flips,rflips4j@ustream.tv,Male,188.9.140.81,Argentina
165,Mavra,Traice,mtraice4k@oracle.com,Female,117.196.5.183,Brazil
166,Kipp,Raspel,kraspel4l@ovh.net,Female,136.197.69.165,Bangladesh
167,Tressa,Brashier,tbrashier4m@usda.gov,Female,188.145.133.235,China
168,Bard,Whitwell,bwhitwell4n@about.me,Male,209.109.111.65,China
169,Joya,Fidgin,jfidgin4o@earthlink.net,Female,191.246.71.178,China
170,Kelley,Yitzhak,kyitzhak4p@google.ru,Female,143.176.91.157,Switzerland
171,Paulette,Sealove,psealove4q@ftc.gov,Female,239.177.76.11,China
172,Helge,Stain,hstain4r@webmd.com,Female,19.138.89.210,Portugal
173,Bernie,Heazel,bheazel4s@businessweek.com,Female,94.210.245.211,Indonesia
174,Terese,Jizhaki,tjizhaki4t@myspace.com,Female,4.249.108.246,Brazil
175,Fanny,Czajkowski,fczajkowski4u@cafepress.com,Female,13.144.152.72,China
176,Urbanus,Hazeman,uhazeman4v@jalbum.net,Male,183.122.213.221,Micronesia
177,Fitz,Sparshutt,fsparshutt4w@theguardian.com,Male,44.111.238.108,China
178,Alyson,Josefsen,ajosefsen4x@cornell.edu,Female,53.156.59.177,Brazil
179,Norrie,Sheards,nsheards4y@unblog.fr,Male,39.63.65.179,France
180,Jermaine,Duckers,jduckers4z@jigsy.com,Male,19.225.49.71,Japan
181,Anissa,Southerns,asoutherns50@java.com,Female,49.49.73.149,Japan
182,Dicky,Bushby,dbushby51@posterous.com,Male,47.17.90.119,China
183,Lurline,Wethey,lwethey52@dmoz.org,Female,125.12.95.234,Ireland
184,Horst,Lackington,hlackington53@scribd.com,Male,235.119.4.113,Canada
185,Osborne,Braiden,obraiden54@sciencedaily.com,Male,176.196.196.112,Indonesia
186,Clerissa,Janczyk,cjanczyk55@gmpg.org,Female,205.68.153.166,Syria
187,Evaleen,Cullington,ecullington56@omniture.com,Female,19.26.58.120,Indonesia
188,Burton,Yielding,byielding57@microsoft.com,Male,109.161.56.25,Argentina
189,Budd,Elks,belks58@phoca.cz,Male,25.36.10.8,China
190,Angie,Sarvar,asarvar59@woothemes.com,Male,222.230.227.66,China
191,Sherwynd,Duckering,sduckering5a@newsvine.com,Male,134.207.129.121,Bhutan
192,Cicely,Pollicatt,cpollicatt5b@vimeo.com,Female,188.128.228.90,Philippines
193,Kermit,Capron,kcapron5c@bloglovin.com,Male,129.129.219.57,Peru
194,Wheeler,Burtonshaw,wburtonshaw5d@yandex.ru,Male,49.120.79.57,Argentina
195,Estrellita,Radbone,eradbone5e@nytimes.com,Female,168.50.245.227,Canada
196,Marshal,Giffkins,mgiffkins5f@wufoo.com,Male,181.65.192.181,China
197,Garry,Inglesfield,ginglesfield5g@deliciousdays.com,Male,3.208.136.226,Peru
198,Sholom,Fonzone,sfonzone5h@squidoo.com,Male,4.135.116.149,Philippines
199,Cletus,Dally,cdally5i@narod.ru,Male,214.88.84.116,China
200,See,Gerish,sgerish5j@parallels.com,Male,98.18.221.26,Albania
201,Norry,Greggor,ngreggor5k@rediff.com,Male,253.78.51.49,Kenya
202,Cthrine,Wrettum,cwrettum5l@slashdot.org,Female,166.50.97.126,Philippines
203,Nettle,Ridding,nridding5m@blogtalkradio.com,Female,52.8.39.114,Sweden
204,Marv,Millam,mmillam5n@bluehost.com,Male,238.5.201.118,China
205,Hyman,Tigner,htigner5o@google.pl,Male,4.183.132.232,Guam
206,Dotty,Loverock,dloverock5p@apache.org,Female,1.165.25.195,Thailand
207,Mala,O'Mannion,momannion5q@360.cn,Female,46.223.227.20,Philippines
208,Horace,Krout,hkrout5r@nbcnews.com,Male,209.151.89.112,Greece
209,Georgeta,Frushard,gfrushard5s@quantcast.com,Female,29.168.159.179,Philippines
210,Grier,Mullany,gmullany5t@mozilla.org,Female,25.176.154.225,Poland
211,Antonia,Maryman,amaryman5u@ovh.net,Female,102.24.91.236,China
212,Deeann,MacKonochie,dmackonochie5v@china.com.cn,Female,29.40.231.160,Peru
213,Bordie,Jakeway,bjakeway5w@typepad.com,Male,240.106.184.241,Brazil
214,Ashely,Labro,alabro5x@salon.com,Female,243.147.115.3,Mexico
215,Lynda,Headrick,lheadrick5y@arizona.edu,Female,175.225.61.26,Peru
216,Craggie,Benson,cbenson5z@economist.com,Male,134.118.194.56,Indonesia
217,Wendell,Grelka,wgrelka60@nps.gov,Male,193.98.233.115,Venezuela
218,Barnebas,Sanches,bsanches61@engadget.com,Male,252.19.165.61,China
219,Ethel,Slowly,eslowly62@seesaa.net,Female,246.64.246.83,Philippines
220,Ibrahim,Rennicks,irennicks63@wired.com,Male,250.209.6.197,Mexico
221,Fletcher,Patria,fpatria64@hexun.com,Male,12.153.83.105,Russia
222,Burk,Olden,bolden65@dmoz.org,Male,228.202.20.61,Indonesia
223,Kay,Sitlington,ksitlington66@squarespace.com,Female,210.224.191.251,China
224,Judah,Guage,jguage67@disqus.com,Male,40.232.23.224,Indonesia
225,Yorgos,Ziemens,yziemens68@paginegialle.it,Male,62.221.179.54,Indonesia
226,Alexa,Girodias,agirodias69@comcast.net,Female,31.207.10.196,China
227,Lucky,Threlfall,lthrelfall6a@nydailynews.com,Female,140.115.152.10,Indonesia
228,Nert,Merida,nmerida6b@state.tx.us,Female,207.86.165.221,France
229,Arlie,Gosland,agosland6c@adobe.com,Female,14.71.160.7,China
230,Romola,Klaessen,rklaessen6d@soup.io,Female,172.181.156.76,Indonesia
231,Cassius,Lewin,clewin6e@qq.com,Male,125.56.67.72,Peru
232,Graeme,Misken,gmisken6f@youku.com,Male,73.14.111.136,Vietnam
233,Nari,Roakes,nroakes6g@aboutads.info,Female,29.229.61.215,Colombia
234,Anthiathia,Ortiga,aortiga6h@cbc.ca,Female,121.195.33.159,Russia
235,Welbie,Rumin,wrumin6i@yale.edu,Male,94.29.230.248,China
236,Jose,Guiso,jguiso6j@github.io,Male,157.132.47.196,Russia
237,Marissa,Whylie,mwhylie6k@wix.com,Female,123.252.103.206,Russia
238,Pollyanna,Jarley,pjarley6l@spiegel.de,Female,6.166.234.89,China
239,Uri,Alfwy,ualfwy6m@wordpress.org,Male,16.225.224.202,Serbia
240,Avrom,Hemeret,ahemeret6n@reddit.com,Male,84.174.241.53,Ivory Coast
241,Kelby,Hornung,khornung6o@samsung.com,Male,165.125.190.1,Paraguay
242,Kendal,Radmore,kradmore6p@twitpic.com,Male,36.136.207.102,Netherlands
243,Josie,Ebbles,jebbles6q@vimeo.com,Female,109.226.38.5,Indonesia
244,Kikelia,Dottrell,kdottrell6r@nyu.edu,Female,8.89.30.95,Philippines
245,Oran,Eat,oeat6s@about.me,Male,229.184.222.127,Philippines
246,Osborn,Notti,onotti6t@com.com,Male,26.169.118.138,Canada
247,Warde,Weems,wweems6u@discuz.net,Male,228.194.42.101,Palestinian Territory
248,Yovonnda,Matherson,ymatherson6v@stanford.edu,Female,225.3.218.105,Norway
249,Lawry,Daggett,ldaggett6w@de.vu,Male,79.153.9.253,Indonesia
250,Hendrick,Burmingham,hburmingham6x@purevolume.com,Male,175.91.214.56,Brazil
251,Ulrick,Mylechreest,umylechreest6y@shop-pro.jp,Male,146.107.152.21,Indonesia
252,Lionello,Di Ruggero,ldiruggero6z@indiatimes.com,Male,79.85.218.191,China
253,Coop,Behning,cbehning70@mysql.com,Male,129.24.99.187,Indonesia
254,Dante,Olle,dolle71@samsung.com,Male,56.8.200.119,Egypt
255,Say,Pennazzi,spennazzi72@hc360.com,Male,77.240.134.21,Pakistan
256,Hal,Simmers,hsimmers73@prlog.org,Male,173.124.117.237,Ukraine
257,Hayley,Stuckes,hstuckes74@goo.gl,Female,87.248.55.214,Poland
258,Yul,Darragon,ydarragon75@patch.com,Male,33.56.78.241,Indonesia
259,Bing,Durkin,bdurkin76@wordpress.org,Male,167.169.209.71,Vietnam
260,Ashley,Tweddle,atweddle77@blinklist.com,Female,10.24.206.114,Russia
261,Kimmi,Everex,keverex78@hexun.com,Female,109.68.209.19,Indonesia
262,Giacinta,Manicom,gmanicom79@linkedin.com,Female,96.87.80.49,China
263,Shaine,Paule,spaule7a@businessweek.com,Male,25.206.116.186,Netherlands
264,Oliver,Petche,opetche7b@acquirethisname.com,Male,7.129.94.121,Canada
265,Vikky,Kaubisch,vkaubisch7c@virginia.edu,Female,165.95.248.210,Philippines
266,Charles,Costy,ccosty7d@de.vu,Male,28.139.238.87,China
267,Milo,Scurfield,mscurfield7e@tiny.cc,Male,82.70.147.185,Ukraine
268,Ignazio,Sayer,isayer7f@theatlantic.com,Male,227.217.230.195,Indonesia
269,Maggy,Skirrow,mskirrow7g@nyu.edu,Female,124.69.201.130,Peru
270,Amalia,Robbs,arobbs7h@flickr.com,Female,208.195.228.161,China
271,Harwell,Moult,hmoult7i@istockphoto.com,Male,172.77.230.227,Indonesia
272,Pincus,Draysey,pdraysey7j@dell.com,Male,44.202.166.106,China
273,Henrietta,Stiegers,hstiegers7k@seesaa.net,Female,204.54.25.139,China
274,Othello,Gotfrey,ogotfrey7l@baidu.com,Male,31.184.3.11,Poland
275,Wylie,Hebburn,whebburn7m@house.gov,Male,56.207.169.125,Senegal
276,Jodi,Castiglioni,jcastiglioni7n@t-online.de,Female,0.44.26.118,Croatia
277,Berny,Chatin,bchatin7o@latimes.com,Male,29.12.26.218,Indonesia
278,Dinny,Harnett,dharnett7p@uol.com.br,Female,30.214.79.79,China
279,Ferdinande,Womersley,fwomersley7q@google.pl,Female,178.194.220.203,Indonesia
280,Gustave,Fellon,gfellon7r@artisteer.com,Male,1.129.181.12,Russia
281,Hildagarde,Behrendsen,hbehrendsen7s@discuz.net,Female,174.156.244.111,Philippines
282,Romeo,Kemme,rkemme7t@blogtalkradio.com,Male,138.4.236.225,China
283,Hinda,Berthon,hberthon7u@dyndns.org,Female,171.92.17.244,China
284,Adan,Orriss,aorriss7v@blogger.com,Female,222.249.117.222,Uganda
285,Lonnard,Fache,lfache7w@wunderground.com,Male,159.184.229.209,Russia
286,Kristo,Setchfield,ksetchfield7x@abc.net.au,Male,196.141.121.251,South Africa
287,Wynnie,Canniffe,wcanniffe7y@freewebs.com,Female,158.134.98.243,Hungary
288,Andria,Corday,acorday7z@uol.com.br,Female,42.238.36.222,China
289,Sasha,Cadreman,scadreman80@dropbox.com,Female,57.91.77.20,Tanzania
290,Sheree,Stockney,sstockney81@icio.us,Female,150.14.89.65,Brazil
291,Anatollo,Billinge,abillinge82@ustream.tv,Male,58.4.245.251,Argentina
292,Petra,Carrabot,pcarrabot83@spiegel.de,Female,143.241.158.166,Indonesia
293,Ambrosi,Skudder,askudder84@vk.com,Male,198.109.118.187,Indonesia
294,Justus,Mattioli,jmattioli85@naver.com,Male,220.218.6.91,Poland
295,Catrina,Wickling,cwickling86@dmoz.org,Female,63.157.13.205,Philippines
296,Charissa,Strotone,cstrotone87@marketwatch.com,Female,65.55.211.117,Indonesia
297,Nonnah,Pinkett,npinkett88@yahoo.co.jp,Female,32.116.114.171,France
298,Pamela,Cockroft,pcockroft89@umich.edu,Female,250.235.146.232,Sweden
299,Erika,O'Hannen,eohannen8a@boston.com,Female,18.224.250.150,Argentina
300,Aguistin,Tern,atern8b@adobe.com,Male,74.74.155.75,China
301,Ninetta,Fortescue,nfortescue8c@tamu.edu,Female,109.78.156.222,Indonesia
302,Matias,Oliffe,moliffe8d@pbs.org,Male,229.234.92.3,Indonesia
303,Vincent,Blaine,vblaine8e@is.gd,Male,129.144.71.191,Brazil
304,Corry,Kadwallider,ckadwallider8f@pagesperso-orange.fr,Female,61.238.5.239,Indonesia
305,Bastien,Attryde,battryde8g@timesonline.co.uk,Male,197.150.70.17,United States
306,Gayel,Pohlak,gpohlak8h@drupal.org,Female,208.206.165.105,Thailand
307,Phillipe,Pracy,ppracy8i@abc.net.au,Male,219.139.6.58,Ivory Coast
308,Ruth,Bourtoumieux,rbourtoumieux8j@github.io,Female,167.169.239.108,China
309,Eb,Bradley,ebradley8k@flickr.com,Male,11.204.160.254,Indonesia
310,Sigvard,Garside,sgarside8l@imageshack.us,Male,204.68.229.20,Philippines
311,Sutherlan,Pooke,spooke8m@desdev.cn,Male,7.171.73.175,Thailand
312,Amandy,Sherr,asherr8n@xing.com,Female,245.157.49.73,Curacao
313,Clarinda,Issacof,cissacof8o@icq.com,Female,74.101.119.213,Peru
314,Doro,Goldsberry,dgoldsberry8p@addthis.com,Female,94.12.135.228,China
315,Mandie,Le Noir,mlenoir8q@myspace.com,Female,76.185.105.200,South Korea
316,Joshia,Winspar,jwinspar8r@weather.com,Male,115.77.29.3,Iran
317,Carlie,Letherbury,cletherbury8s@shareasale.com,Male,96.70.119.181,Russia
318,Marigold,Grogor,mgrogor8t@comcast.net,Female,133.108.231.140,Portugal
319,Keenan,Vasler,kvasler8u@godaddy.com,Male,248.24.208.185,Brazil
320,Ingra,Tripcony,itripcony8v@bloglovin.com,Male,104.159.81.249,Colombia
321,Melodee,Tower,mtower8w@netvibes.com,Female,115.92.55.188,China
322,Catlaina,Holde,cholde8x@theguardian.com,Female,168.36.240.174,Russia
323,Bradan,Sidey,bsidey8y@diigo.com,Male,207.140.190.4,Czech Republic
324,Neil,Meldrum,nmeldrum8z@behance.net,Male,164.144.71.82,Chile
325,Olympe,Kimmins,okimmins90@desdev.cn,Female,57.165.82.219,France
326,Honey,Tambling,htambling91@msu.edu,Female,25.220.74.251,Mexico
327,Julio,Ferie,jferie92@ycombinator.com,Male,114.249.44.193,Portugal
328,Jae,Eddis,jeddis93@dedecms.com,Male,85.110.65.1,China
329,Gustave,Sommerville,gsommerville94@live.com,Male,240.122.111.82,Portugal
330,Ansley,Thomtson,athomtson95@mediafire.com,Female,38.135.53.14,Greece
331,Rivkah,Llop,rllop96@woothemes.com,Female,62.164.22.55,Nigeria
332,Meredith,Wilshaw,mwilshaw97@paginegialle.it,Female,30.79.245.100,United States
333,Audrie,Warnock,awarnock98@ustream.tv,Female,217.45.184.181,Indonesia
334,Raleigh,Simmons,rsimmons99@wikipedia.org,Male,50.51.193.102,Micronesia
335,Connie,Keneford,ckeneford9a@studiopress.com,Female,52.117.67.33,France
336,Nappy,Pays,npays9b@answers.com,Male,74.167.188.250,Argentina
337,Ilyse,Bordiss,ibordiss9c@miitbeian.gov.cn,Female,146.101.176.189,China
338,Karlene,Swynfen,kswynfen9d@moonfruit.com,Female,183.104.247.40,Sri Lanka
339,Raimondo,Shorie,rshorie9e@domainmarket.com,Male,233.96.247.55,Philippines
340,Cathleen,Doxsey,cdoxsey9f@si.edu,Female,209.248.153.131,China
341,Jehu,Fears,jfears9g@zimbio.com,Male,233.54.193.100,China
342,Abby,Barwood,abarwood9h@tinyurl.com,Female,70.196.129.230,Portugal
343,Louise,Sommersett,lsommersett9i@bizjournals.com,Female,158.187.115.255,Philippines
344,Lauretta,Lokier,llokier9j@shareasale.com,Female,25.194.90.33,Thailand
345,Kamilah,Plitz,kplitz9k@ezinearticles.com,Female,237.0.69.186,Argentina
346,Rowan,Feare,rfeare9l@dagondesign.com,Male,151.235.211.154,China
347,Phaidra,Workman,pworkman9m@example.com,Female,160.74.35.1,Canada
348,Nefen,Loyd,nloyd9n@vkontakte.ru,Male,121.137.99.231,Ecuador
349,Judd,Duker,jduker9o@tmall.com,Male,236.209.100.78,Iran
350,Giana,Loveless,gloveless9p@wufoo.com,Female,125.177.30.4,China
351,Marieann,Stainburn,mstainburn9q@google.ru,Female,50.250.55.192,China
352,Lyle,McCarlie,lmccarlie9r@psu.edu,Male,59.25.125.125,Ecuador
353,Bo,Marlowe,bmarlowe9s@dmoz.org,Male,5.41.222.157,Philippines
354,Tarah,Flinn,tflinn9t@cnbc.com,Female,94.99.215.35,South Africa
355,Sonnie,Saltmarsh,ssaltmarsh9u@dmoz.org,Female,174.217.244.9,Russia
356,Noel,Tabord,ntabord9v@amazonaws.com,Female,200.191.116.82,Nigeria
357,Rollo,Frangello,rfrangello9w@netlog.com,Male,185.209.47.110,Sweden
358,Harlie,Joret,hjoret9x@amazon.co.jp,Female,214.91.0.203,Czech Republic
359,Isadora,McCafferky,imccafferky9y@ezinearticles.com,Female,149.87.188.105,Indonesia
360,Horace,Kindall,hkindall9z@mapquest.com,Male,150.175.5.51,Russia
361,Gerhardt,Walbridge,gwalbridgea0@a8.net,Male,237.16.118.49,Philippines
362,Harold,O'Gavin,hogavina1@time.com,Male,204.123.130.165,Zimbabwe
363,Borden,Aprahamian,baprahamiana2@tumblr.com,Male,240.127.159.83,Philippines
364,Wilmer,Brack,wbracka3@ezinearticles.com,Male,250.34.132.57,Mongolia
365,Devonne,Scarce,dscarcea4@i2i.jp,Female,68.14.226.176,Mexico
366,Basilius,Collete,bcolletea5@sitemeter.com,Male,20.132.25.1,Greece
367,Juliana,Seadon,jseadona6@statcounter.com,Female,178.215.224.64,Philippines
368,Doe,Paske,dpaskea7@cocolog-nifty.com,Female,108.106.233.212,Costa Rica
369,Jyoti,Case,jcasea8@indiegogo.com,Female,228.26.254.144,China
370,Jacqui,Heningham,jheninghama9@ustream.tv,Female,147.141.11.112,Senegal
371,Dorise,Iglesia,diglesiaaa@skyrock.com,Female,131.108.160.69,Sweden
372,Loralyn,Yurchenko,lyurchenkoab@exblog.jp,Female,231.11.113.37,Poland
373,Jaimie,Loughton,jloughtonac@a8.net,Male,0.197.166.93,Sweden
374,Shannon,Guerro,sguerroad@gov.uk,Female,157.240.83.189,Argentina
375,Ricky,Huggard,rhuggardae@google.co.jp,Male,127.10.202.4,Japan
376,Ryan,Loade,rloadeaf@mayoclinic.com,Male,164.62.64.186,Ireland
377,Ellette,Redgrave,eredgraveag@liveinternet.ru,Female,205.21.149.139,Indonesia
378,Julietta,Batt,jbattah@icq.com,Female,187.43.237.139,Guatemala
379,Von,D'Antonio,vdantonioai@nps.gov,Male,141.78.88.238,China
380,Salem,Evert,severtaj@creativecommons.org,Male,55.40.49.211,Portugal
381,Carlie,Dominy,cdominyak@imageshack.us,Female,219.254.11.62,Portugal
382,Felizio,Chellenham,fchellenhamal@ebay.com,Male,239.198.64.78,China
383,Deanne,Torra,dtorraam@cdbaby.com,Female,34.154.46.91,United States
384,Web,Phibb,wphibban@spotify.com,Male,39.25.217.213,Indonesia
385,Avram,Thomel,athomelao@forbes.com,Male,196.42.152.74,China
386,Ilario,Ortell,iortellap@hp.com,Male,56.87.46.160,Afghanistan
387,Margarette,Potapczuk,mpotapczukaq@flavors.me,Female,163.206.118.241,Philippines
388,Ronny,Kittless,rkittlessar@gov.uk,Female,203.84.95.81,Philippines
389,Mignon,Boness,mbonessas@berkeley.edu,Female,159.91.1.126,Indonesia
390,Shirlee,Kilborn,skilbornat@twitpic.com,Female,251.184.23.16,United States
391,Iosep,Mingauld,imingauldau@guardian.co.uk,Male,49.176.217.0,Indonesia
392,Nannette,Pedler,npedlerav@hibu.com,Female,190.247.173.249,Thailand
393,Lynn,Pridden,lpriddenaw@blogger.com,Female,85.234.225.55,China
394,Matthus,Eake,meakeax@nationalgeographic.com,Male,86.187.42.194,China
395,Vincents,de Quincey,vdequinceyay@ezinearticles.com,Male,195.243.112.203,Albania
396,Craggie,Calwell,ccalwellaz@netlog.com,Male,80.162.123.10,Slovenia
397,Sapphire,Lanning,slanningb0@aol.com,Female,58.98.191.99,Botswana
398,Moe,Colmore,mcolmoreb1@jalbum.net,Male,105.153.182.164,Sweden
399,Darelle,Sharpe,dsharpeb2@nsw.gov.au,Female,242.144.201.13,Russia
400,Koressa,Renak,krenakb3@samsung.com,Female,196.128.18.188,China
401,Paulie,Dorgon,pdorgonb4@wikipedia.org,Male,103.121.112.137,Dominican Republic
402,Micheil,Sliman,mslimanb5@weather.com,Male,226.43.47.96,Brazil
403,Marshall,Winckle,mwinckleb6@miibeian.gov.cn,Male,130.216.252.193,China
404,Bea,Guenther,bguentherb7@squarespace.com,Female,228.93.186.252,Palestinian Territory
405,Perry,Baroche,pbarocheb8@vkontakte.ru,Male,65.69.132.236,Ukraine
406,Daniel,Slayford,dslayfordb9@delicious.com,Male,74.66.176.33,China
407,Vale,Jeanes,vjeanesba@360.cn,Male,46.56.21.55,China
408,Cirstoforo,Brashier,cbrashierbb@live.com,Male,226.55.73.32,Portugal
409,Timofei,Michele,tmichelebc@cnbc.com,Male,169.7.165.161,Lithuania
410,Michaella,Scott,mscottbd@photobucket.com,Female,198.203.181.112,Brazil
411,Jeanette,Naptine,jnaptinebe@rakuten.co.jp,Female,139.146.163.148,Brazil
412,Alessandro,Legerton,alegertonbf@plala.or.jp,Male,82.108.63.224,Portugal
413,Ellynn,Bugdall,ebugdallbg@surveymonkey.com,Female,63.16.216.135,Canada
414,Charley,Boar,cboarbh@g.co,Male,47.207.172.178,Sudan
415,Verge,Bulfoot,vbulfootbi@tinyurl.com,Male,169.139.147.122,Philippines
416,Jourdan,Hourican,jhouricanbj@scientificamerican.com,Female,35.104.8.212,Cuba
417,Matthias,Hellyar,mhellyarbk@twitpic.com,Male,150.203.197.36,Serbia
418,Paton,Parminter,pparminterbl@wunderground.com,Male,87.203.154.128,Haiti
419,Gardie,Creffield,gcreffieldbm@dmoz.org,Male,75.30.198.215,China
420,Eward,Siderfin,esiderfinbn@dagondesign.com,Male,82.226.112.103,Gambia
421,Theodore,Robins,trobinsbo@washington.edu,Male,153.84.191.30,Egypt
422,Gipsy,O'Heneghan,goheneghanbp@about.com,Female,187.219.238.67,Czech Republic
423,Ralph,Kordt,rkordtbq@mozilla.com,Male,61.226.41.38,Netherlands
424,Whittaker,Dellatorre,wdellatorrebr@boston.com,Male,38.67.61.157,Indonesia
425,Hewet,Dennehy,hdennehybs@smugmug.com,Male,36.61.174.230,Japan
426,Justin,Henriques,jhenriquesbt@sohu.com,Male,218.253.39.178,France
427,Junette,Chataignier,jchataignierbu@berkeley.edu,Female,42.181.24.100,Brazil
428,Eolanda,Windmill,ewindmillbv@amazon.de,Female,94.52.183.239,China
429,Ulla,Tams,utamsbw@wix.com,Female,96.142.131.219,Portugal
430,Jodi,Piatkow,jpiatkowbx@nba.com,Female,2.126.246.203,Indonesia
431,Lefty,Casoni,lcasoniby@51.la,Male,243.82.41.49,Nigeria
432,Adrien,Matuskiewicz,amatuskiewiczbz@slate.com,Male,8.196.177.252,China
433,Delphine,Judkin,djudkinc0@kickstarter.com,Female,103.71.34.141,Indonesia
434,Dixie,Maps,dmapsc1@ebay.co.uk,Female,144.90.167.91,Sweden
435,Zahara,McPhater,zmcphaterc2@cnet.com,Female,157.0.62.186,China
436,Thurstan,Koubu,tkoubuc3@is.gd,Male,245.203.177.7,Honduras
437,Mufi,Smallpiece,msmallpiecec4@abc.net.au,Female,173.163.239.32,Israel
438,Gauthier,Castiglio,gcastiglioc5@apache.org,Male,218.153.201.132,China
439,Rana,Asquez,rasquezc6@sphinn.com,Female,78.118.168.245,Venezuela
440,Patrizio,Dewen,pdewenc7@mashable.com,Male,227.140.121.122,Democratic Republic of the Congo
441,Gram,McDavid,gmcdavidc8@cafepress.com,Male,34.90.10.94,Indonesia
442,Bing,Blue,bbluec9@netvibes.com,Male,194.59.170.245,Brazil
443,Lucina,Elsop,lelsopca@patch.com,Female,81.86.211.142,Japan
444,Bevan,Parsisson,bparsissoncb@hatena.ne.jp,Male,58.240.84.194,France
445,Ambrose,Simison,asimisoncc@imdb.com,Male,12.46.112.251,Philippines
446,Simon,Rue,sruecd@spiegel.de,Male,106.10.137.49,Kenya
447,Tracy,Stothert,tstothertce@goodreads.com,Male,232.238.112.47,Zambia
448,Daryl,Marquez,dmarquezcf@issuu.com,Female,62.60.210.82,China
449,Allister,Nutty,anuttycg@samsung.com,Male,178.4.52.44,China
450,Leroi,Greene,lgreenech@bloglines.com,Male,118.69.25.117,Thailand
451,Barry,Capaldo,bcapaldoci@usda.gov,Male,77.19.117.199,Sri Lanka
452,Karlotta,Langton,klangtoncj@china.com.cn,Female,212.168.164.177,United States
453,Gaspard,Marusik,gmarusikck@biglobe.ne.jp,Male,169.63.121.6,Russia
454,Suzy,Bonhome,sbonhomecl@shinystat.com,Female,249.45.3.96,Honduras
455,Mallory,Pessler,mpesslercm@ovh.net,Female,213.191.23.139,Poland
456,Elbert,Danbrook,edanbrookcn@imdb.com,Male,89.134.133.174,Thailand
457,Adela,Arrow,aarrowco@fema.gov,Female,57.30.141.74,Argentina
458,Vlad,Ech,vechcp@tmall.com,Male,245.62.170.56,Indonesia
459,Gilligan,Addenbrooke,gaddenbrookecq@sakura.ne.jp,Female,92.176.192.26,Portugal
460,Creight,Charlson,ccharlsoncr@4shared.com,Male,146.125.184.51,China
461,Arney,Pickring,apickringcs@reverbnation.com,Male,198.140.184.153,Philippines
462,Darnell,Skillitt,dskillittct@mac.com,Male,32.179.63.114,Pakistan
463,Bil,Woollhead,bwoollheadcu@wp.com,Male,134.17.163.120,Democratic Republic of the Congo
464,Diane-marie,Zanni,dzannicv@msn.com,Female,180.36.196.185,Iran
465,Marlane,Goolden,mgooldencw@shop-pro.jp,Female,121.220.19.109,Indonesia
466,Rheta,Martello,rmartellocx@nymag.com,Female,216.111.22.95,Indonesia
467,Hanna,Ebbotts,hebbottscy@bloglovin.com,Female,26.224.162.246,Sweden
468,Deirdre,Moncaster,dmoncastercz@yahoo.co.jp,Female,18.152.228.192,Mongolia
469,Penelopa,Calcraft,pcalcraftd0@dropbox.com,Female,47.157.117.82,Russia
470,Nonnah,Middlemass,nmiddlemassd1@altervista.org,Female,192.190.49.249,Philippines
471,Gabrila,Issatt,gissattd2@friendfeed.com,Female,79.65.20.169,Philippines
472,Trista,De Brett,tdebrettd3@de.vu,Female,89.236.57.208,Ukraine
473,Moe,Rosenstiel,mrosenstield4@e-recht24.de,Male,23.142.70.89,Sweden
474,Halsy,Reinhart,hreinhartd5@cmu.edu,Male,229.225.70.197,Indonesia
475,Pren,Harring,pharringd6@aboutads.info,Male,243.132.23.154,China
476,Muhammad,Yesson,myessond7@dion.ne.jp,Male,189.20.162.149,China
477,Bruce,Ryall,bryalld8@wiley.com,Male,9.11.234.96,Peru
478,Deina,Eles,delesd9@zimbio.com,Female,202.150.214.143,South Korea
479,Barry,Soames,bsoamesda@who.int,Female,178.241.223.112,Sweden
480,Zea,Urion,zuriondb@technorati.com,Female,20.206.189.253,Peru
481,Julietta,Banaszkiewicz,jbanaszkiewiczdc@4shared.com,Female,237.234.3.118,Brazil
482,Bent,Martinie,bmartiniedd@fema.gov,Male,78.42.203.39,China
483,Douglas,Greengrass,dgreengrassde@cornell.edu,Male,235.226.191.77,Libya
484,Nanette,Trevett,ntrevettdf@eepurl.com,Female,149.71.241.235,Cuba
485,Charmion,Trembey,ctrembeydg@cbc.ca,Female,238.146.50.123,China
486,Zorana,Shurrock,zshurrockdh@va.gov,Female,209.73.159.91,Egypt
487,Anderson,Bellelli,abellellidi@123-reg.co.uk,Male,75.107.70.235,Argentina
488,Noll,Dibling,ndiblingdj@deviantart.com,Male,229.56.34.150,Argentina
489,Seward,Prue,spruedk@is.gd,Male,189.181.71.144,Indonesia
490,Sharron,Keling,skelingdl@geocities.jp,Female,238.108.148.73,Tanzania
491,Aguistin,Miall,amialldm@va.gov,Male,187.165.250.175,Mexico
492,Joshia,Gravells,jgravellsdn@paginegialle.it,Male,197.54.223.121,Indonesia
493,Silvie,Coverlyn,scoverlyndo@arizona.edu,Female,135.117.71.19,Indonesia
494,Leopold,Itzak,litzakdp@paginegialle.it,Male,83.156.191.99,Cyprus
495,Larry,Mullin,lmullindq@blinklist.com,Male,69.127.101.29,Poland
496,Abigail,McGarvey,amcgarveydr@reuters.com,Female,14.137.201.27,China
497,Philbert,Maffioletti,pmaffiolettids@elpais.com,Male,163.37.127.216,China
498,Barbie,Cressy,bcressydt@weather.com,Female,218.238.165.125,Indonesia
499,Winnie,Cancellieri,wcancellieridu@cornell.edu,Male,13.81.255.177,China
500,Skippy,Essery,sesserydv@blinklist.com,Male,5.5.178.237,Japan
501,Ignacius,Moreinis,imoreinisdw@tuttocitta.it,Male,109.113.62.85,Albania
502,Pearl,Vanini,pvaninidx@altervista.org,Female,182.245.8.36,China
503,Wye,Balazot,wbalazotdy@cloudflare.com,Male,157.30.16.213,Sweden
504,Vickie,Moncaster,vmoncasterdz@harvard.edu,Female,155.241.135.200,Poland
505,Mel,Portingale,mportingalee0@mail.ru,Female,54.119.12.6,Indonesia
506,Zoe,Lovelady,zloveladye1@census.gov,Female,127.18.185.84,Argentina
507,Swen,Cockrill,scockrille2@vimeo.com,Male,244.46.182.224,Russia
508,Olwen,Skayman,oskaymane3@woothemes.com,Female,112.23.193.194,Serbia
509,Enrique,Bofield,ebofielde4@reuters.com,Male,125.178.2.143,Nicaragua
510,Andromache,Lark,alarke5@cnbc.com,Female,26.232.12.52,Finland
511,Kellby,Praill,kpraille6@devhub.com,Male,41.158.60.100,United States
512,Eugen,Salman,esalmane7@cnet.com,Male,150.214.87.91,France
513,Mead,Wilder,mwildere8@hatena.ne.jp,Male,81.93.193.150,Dominican Republic
514,Miles,Challicombe,mchallicombee9@scientificamerican.com,Male,187.52.232.101,Indonesia
515,Evaleen,Moreland,emorelandea@multiply.com,Female,144.51.26.58,Argentina
516,Mordecai,Popelay,mpopelayeb@simplemachines.org,Male,201.247.209.153,Poland
517,Ladonna,Pirrie,lpirrieec@va.gov,Female,153.45.220.48,Portugal
518,Corenda,Leversha,clevershaed@dagondesign.com,Female,74.128.221.176,China
519,Ginnifer,Fishly,gfishlyee@blogtalkradio.com,Female,127.53.65.247,Ukraine
520,Chlo,Purves,cpurvesef@technorati.com,Female,5.42.179.128,China
521,Cymbre,Donner,cdonnereg@networkadvertising.org,Female,38.231.195.226,Lebanon
522,Kial,Ebourne,kebourneeh@guardian.co.uk,Female,16.179.99.132,Nicaragua
523,Leroi,Pengilley,lpengilleyei@photobucket.com,Male,18.167.19.165,China
524,Penny,Martinat,pmartinatej@over-blog.com,Female,111.197.30.248,Russia
525,Horatio,McGragh,hmcgraghek@cmu.edu,Male,218.191.17.106,Wallis and Futuna
526,Merell,Shalcros,mshalcrosel@gravatar.com,Male,250.160.89.222,Indonesia
527,Martin,Hacquoil,mhacquoilem@weebly.com,Male,225.221.74.144,Indonesia
528,Lilah,Worral,lworralen@cisco.com,Female,159.29.223.168,Greece
529,Gar,Huebner,ghuebnereo@tumblr.com,Male,16.51.238.56,Malaysia
530,Marietta,Head,mheadep@msn.com,Male,80.146.72.117,Peru
531,Ashlee,Flight,aflighteq@rambler.ru,Female,43.25.172.58,Nicaragua
532,Aube,Gauchier,agauchierer@hibu.com,Male,30.117.202.83,Guatemala
533,Brion,Palmby,bpalmbyes@umn.edu,Male,152.28.154.8,Poland
534,Jorey,Westoll,jwestollet@answers.com,Female,36.5.198.92,Finland
535,Eachelle,Whellans,ewhellanseu@vinaora.com,Female,76.33.108.250,Sweden
536,Wake,Marrington,wmarringtonev@google.com.br,Male,128.123.15.109,Indonesia
537,Bary,Camellini,bcamelliniew@cmu.edu,Male,5.98.208.15,Philippines
538,Stu,Hinze,shinzeex@mac.com,Male,246.216.144.99,Kyrgyzstan
539,Elsi,Pimlett,epimlettey@blogspot.com,Female,144.84.46.164,Indonesia
540,Sayers,Marlow,smarlowez@ibm.com,Male,37.131.28.70,Argentina
541,Gusella,Winslet,gwinsletf0@oakley.com,Female,226.6.53.154,Tunisia
542,Grady,Sparkes,gsparkesf1@sakura.ne.jp,Male,247.71.42.255,Brazil
543,Wilhelmine,Siaspinski,wsiaspinskif2@netlog.com,Female,52.36.179.183,China
544,Averil,Fransemai,afransemaif3@craigslist.org,Male,209.250.232.98,Indonesia
545,Cob,Bettesworth,cbettesworthf4@github.com,Male,153.11.212.105,Indonesia
546,Wright,Hedley,whedleyf5@hostgator.com,Male,118.169.11.66,Cameroon
547,Maribeth,Sargood,msargoodf6@adobe.com,Female,175.247.133.100,China
548,Nilson,Geerits,ngeeritsf7@webs.com,Male,206.168.159.61,New Zealand
549,Izak,Olivier,iolivierf8@cornell.edu,Male,165.214.26.165,China
550,Olly,Stihl,ostihlf9@cnbc.com,Male,112.77.239.167,Vietnam
551,Rossie,Palmby,rpalmbyfa@stumbleupon.com,Male,241.178.247.193,China
552,Ari,Palek,apalekfb@yelp.com,Male,230.61.95.104,Philippines
553,Devan,Botterman,dbottermanfc@aboutads.info,Female,151.39.50.198,China
554,Kennedy,Breeton,kbreetonfd@liveinternet.ru,Male,199.19.186.41,Czech Republic
555,Malvina,Dooler,mdoolerfe@alibaba.com,Female,194.185.135.189,China
556,Lulu,Adanez,ladanezff@icio.us,Female,252.38.190.157,Indonesia
557,Kelley,Petchey,kpetcheyfg@e-recht24.de,Female,49.158.112.137,Indonesia
558,Eugene,Scotchmur,escotchmurfh@4shared.com,Male,165.91.194.50,China
559,Bart,Willoughey,bwillougheyfi@cnbc.com,Male,228.220.47.49,Brazil
560,Lola,Welden,lweldenfj@php.net,Female,92.198.2.245,China
561,Selby,Roeby,sroebyfk@yellowbook.com,Male,248.233.47.252,Russia
562,Jaclin,Carik,jcarikfl@soup.io,Female,239.253.141.247,Bolivia
563,Lindsey,Furzey,lfurzeyfm@webmd.com,Male,85.229.53.53,Brazil
564,Antonius,Anersen,aanersenfn@amazon.de,Male,157.19.6.16,Indonesia
565,King,Pirt,kpirtfo@symantec.com,Male,242.109.8.114,New Zealand
566,Nerta,Shimwell,nshimwellfp@princeton.edu,Female,234.103.205.122,Portugal
567,Dani,Stirtle,dstirtlefq@vk.com,Female,37.154.240.1,Colombia
568,Rockie,Wethers,rwethersfr@telegraph.co.uk,Male,194.209.126.31,Colombia
569,Fay,Chicken,fchickenfs@vk.com,Female,246.241.20.123,Indonesia
570,Granthem,Lemonnier,glemonnierft@cdc.gov,Male,176.229.205.152,Brazil
571,Fredelia,Briston,fbristonfu@reference.com,Female,145.142.127.238,China
572,Norris,Gerred,ngerredfv@about.com,Male,86.38.24.70,Portugal
573,Lacee,Crookall,lcrookallfw@hugedomains.com,Female,33.132.204.7,Poland
574,Raleigh,De Stoop,rdestoopfx@miibeian.gov.cn,Male,34.69.158.8,Macedonia
575,Gennifer,Summons,gsummonsfy@nydailynews.com,Female,18.157.85.53,Philippines
576,Jenn,Mabbett,jmabbettfz@jalbum.net,Female,82.12.246.149,South Africa
577,Almira,Hakonsson,ahakonssong0@webmd.com,Female,156.131.213.188,Colombia
578,Ben,Morde,bmordeg1@ebay.co.uk,Male,12.251.98.55,Czech Republic
579,Gerhardt,Clace,gclaceg2@weibo.com,Male,40.99.143.202,Cuba
580,Griswold,Rogger,groggerg3@nbcnews.com,Male,138.221.180.118,Bulgaria
581,Gussi,Verry,gverryg4@indiatimes.com,Female,110.77.162.128,Slovenia
582,Tan,Thatcham,tthatchamg5@toplist.cz,Male,103.141.199.223,Indonesia
583,Jeri,Wiggans,jwiggansg6@google.ca,Female,131.213.140.70,East Timor
584,Constantin,Athowe,cathoweg7@berkeley.edu,Male,224.165.167.47,Indonesia
585,Silas,Jantet,sjantetg8@creativecommons.org,Male,61.187.11.150,China
586,Win,Caspell,wcaspellg9@illinois.edu,Male,116.105.84.74,China
587,Herold,Diego,hdiegoga@networkadvertising.org,Male,13.214.252.102,Japan
588,Vincent,Mordie,vmordiegb@addtoany.com,Male,18.37.129.31,China
589,Clarita,Jordi,cjordigc@skype.com,Female,120.94.77.54,China
590,Melanie,Helstrip,mhelstripgd@nyu.edu,Female,6.67.126.92,Philippines
591,Huberto,Lickess,hlickessge@hexun.com,Male,159.150.207.168,Thailand
592,Munroe,Mecchi,mmecchigf@barnesandnoble.com,Male,21.78.186.187,Montenegro
593,Deborah,Cockle,dcocklegg@histats.com,Female,149.67.104.13,Indonesia
594,Nanette,Freund,nfreundgh@pbs.org,Female,31.179.216.138,Azerbaijan
595,Glynn,Hayer,ghayergi@wisc.edu,Male,56.9.168.217,Indonesia
596,Greggory,Praill,gpraillgj@google.ca,Male,184.127.148.234,Japan
597,Arnaldo,Ketch,aketchgk@nbcnews.com,Male,141.183.202.209,Japan
598,Billie,Tiner,btinergl@shareasale.com,Male,212.225.249.48,Chile
599,Charisse,Duddle,cduddlegm@posterous.com,Female,171.128.35.15,Croatia
600,Ayn,Docherty,adochertygn@constantcontact.com,Female,166.190.47.251,Russia
601,Konstance,Lerohan,klerohango@blogs.com,Female,172.130.128.217,Mexico
602,Ericha,Kosel,ekoselgp@telegraph.co.uk,Female,164.199.86.130,France
603,Sheppard,Austen,saustengq@merriam-webster.com,Male,25.201.213.152,Indonesia
604,Hartley,Kesley,hkesleygr@craigslist.org,Male,38.199.128.164,Poland
605,Mandi,Maylard,mmaylardgs@facebook.com,Female,114.25.29.197,France
606,Cirillo,Tingle,ctinglegt@webmd.com,Male,211.45.247.162,Indonesia
607,Morley,Capstick,mcapstickgu@addthis.com,Male,119.72.143.196,"Bonaire, Saint Eustatius and Saba "
608,Adair,Middleweek,amiddleweekgv@toplist.cz,Male,242.127.88.149,China
609,Denys,Graalman,dgraalmangw@delicious.com,Female,74.14.121.57,Czech Republic
610,Luigi,Hamments,lhammentsgx@de.vu,Male,172.99.146.91,China
611,Alane,Lorentzen,alorentzengy@microsoft.com,Female,25.225.0.169,Russia
612,Austin,Blancowe,ablancowegz@netlog.com,Female,25.115.247.211,China
613,Mitch,Evemy,mevemyh0@youtu.be,Male,169.217.250.136,Indonesia
614,Giles,O'Farrell,gofarrellh1@globo.com,Male,120.177.27.15,Czech Republic
615,Bran,Hubeaux,bhubeauxh2@opera.com,Male,255.8.165.228,Brazil
616,Cobby,Engelbrecht,cengelbrechth3@angelfire.com,Male,55.57.152.109,Malaysia
617,Robbin,Hannabuss,rhannabussh4@ovh.net,Female,151.245.169.77,China
618,Thomasa,Delaprelle,tdelaprelleh5@vinaora.com,Female,15.160.150.170,China
619,Laural,Rushforth,lrushforthh6@meetup.com,Female,11.64.194.107,Luxembourg
620,Hasty,Gotts,hgottsh7@latimes.com,Male,121.174.204.97,China
621,Briana,Orr,borrh8@nydailynews.com,Female,185.81.148.95,Canada
622,Stuart,Clarabut,sclarabuth9@icio.us,Male,196.145.23.19,Ireland
623,Corrinne,Kean,ckeanha@ycombinator.com,Female,48.120.189.125,Brazil
624,Nicolis,Mariet,nmariethb@un.org,Male,87.119.214.152,Russia
625,Valida,Simm,vsimmhc@ucoz.com,Female,63.217.240.191,Indonesia
626,Ingram,Ziehms,iziehmshd@jimdo.com,Male,120.189.247.151,Malaysia
627,Marthena,Tinsley,mtinsleyhe@csmonitor.com,Female,138.124.71.233,China
628,Roth,Tomlett,rtomletthf@trellian.com,Male,220.249.142.117,Russia
629,Gustave,Romaine,gromainehg@imgur.com,Male,101.25.87.24,China
630,Stacia,Rozenzweig,srozenzweighh@godaddy.com,Female,173.120.97.93,Poland
631,Kaylyn,Lagadu,klagaduhi@mayoclinic.com,Female,135.132.157.179,Russia
632,Wells,Quartermaine,wquartermainehj@goo.gl,Male,155.103.169.249,Pakistan
633,Lombard,De Bell,ldebellhk@blog.com,Male,250.228.232.99,Portugal
634,Della,Morigan,dmoriganhl@shareasale.com,Female,194.148.186.92,Pakistan
635,Sloan,Money,smoneyhm@delicious.com,Male,188.149.251.15,Uzbekistan
636,Verla,Lasseter,vlasseterhn@sogou.com,Female,130.53.91.126,Russia
637,Jarred,Colegrove,jcolegroveho@icio.us,Male,86.218.49.52,Poland
638,Jerrilyn,Sherrum,jsherrumhp@cyberchimps.com,Female,166.167.218.230,Indonesia
639,Kim,O'Doohaine,kodoohainehq@bizjournals.com,Male,215.206.252.223,Mongolia
640,Gasparo,Gyrgorcewicx,ggyrgorcewicxhr@cloudflare.com,Male,136.243.138.194,Philippines
641,Martina,Mantle,mmantlehs@irs.gov,Female,71.137.219.30,Yemen
642,Sidney,Ovill,sovillht@theglobeandmail.com,Male,202.9.48.230,Ecuador
643,Alanna,Dreng,adrenghu@disqus.com,Female,66.150.59.25,Colombia
644,Nicolas,Adams,nadamshv@ezinearticles.com,Male,92.95.227.232,Portugal
645,Tandie,Treadaway,ttreadawayhw@wunderground.com,Female,223.69.191.139,China
646,Ralf,Littler,rlittlerhx@tamu.edu,Male,184.178.163.67,China
647,Vidovic,McTeggart,vmcteggarthy@phoca.cz,Male,24.58.161.38,China
648,Ingaberg,Gerriets,igerrietshz@chronoengine.com,Female,84.199.76.125,Mexico
649,Elmo,Kryszkiecicz,ekryszkieciczi0@cpanel.net,Male,73.79.62.68,Poland
650,Humfried,Morcom,hmorcomi1@nih.gov,Male,69.12.185.167,Zambia
651,Audrie,Harmeston,aharmestoni2@kickstarter.com,Female,162.146.33.234,China
652,Noe,Hutfield,nhutfieldi3@pinterest.com,Male,117.203.49.29,China
653,Lemar,Kittredge,lkittredgei4@walmart.com,Male,215.41.147.128,Indonesia
654,Babbette,Collecott,bcollecotti5@github.com,Female,87.123.154.56,Germany
655,Stavros,Mussalli,smussallii6@vinaora.com,Male,121.45.54.151,China
656,Katerina,Edmonds,kedmondsi7@indiatimes.com,Female,50.114.158.82,Mexico
657,Carver,Izhaky,cizhakyi8@reference.com,Male,66.11.117.95,Canada
658,Giulio,Iggulden,gigguldeni9@rakuten.co.jp,Male,225.69.207.228,Indonesia
659,Gloriana,Gianotti,ggianottiia@constantcontact.com,Female,6.154.55.234,Colombia
660,Carmelia,Charnley,ccharnleyib@census.gov,Female,171.165.60.233,Pakistan
661,Reeta,Blumer,rblumeric@google.cn,Female,245.40.0.196,Burundi
662,Kiley,d'Escoffier,kdescoffierid@ustream.tv,Female,172.67.125.152,Bolivia
663,Erina,Jouanot,ejouanotie@issuu.com,Female,74.4.122.225,Japan
664,Maisie,Theodoris,mtheodorisif@goo.ne.jp,Female,96.199.192.41,China
665,Tamas,Simoneton,tsimonetonig@uol.com.br,Male,67.26.206.192,Philippines
666,Margeaux,Zylbermann,mzylbermannih@list-manage.com,Female,16.3.219.201,Canada
667,Will,Mugridge,wmugridgeii@cbslocal.com,Male,230.174.47.51,Sweden
668,Ollie,Birdall,obirdallij@dot.gov,Female,235.255.224.125,Iran
669,Esme,Piggen,epiggenik@jalbum.net,Male,250.109.179.32,China
670,Danica,Percy,dpercyil@yellowbook.com,Female,56.101.199.88,Colombia
671,Wenona,Houlridge,whoulridgeim@dagondesign.com,Female,253.144.93.55,Egypt
672,Berti,Millward,bmillwardin@ezinearticles.com,Male,0.19.10.252,Morocco
673,Perl,Aujean,paujeanio@surveymonkey.com,Female,58.210.18.27,Thailand
674,Salli,Levane,slevaneip@uiuc.edu,Female,8.161.43.130,Madagascar
675,Sandie,Worlidge,sworlidgeiq@angelfire.com,Female,24.239.73.239,Brazil
676,Orland,Dowtry,odowtryir@sakura.ne.jp,Male,109.48.247.33,Angola
677,Phillipp,Dedden,pdeddenis@amazon.com,Male,55.98.26.149,Czech Republic
678,Cherey,Gatchell,cgatchellit@unblog.fr,Female,25.238.214.47,Brazil
679,Ozzie,Beveridge,obeveridgeiu@ox.ac.uk,Male,164.6.48.75,Greece
680,Carrie,Lassell,classelliv@google.de,Female,148.17.189.139,France
681,Lind,Willey,lwilleyiw@epa.gov,Female,181.21.83.144,China
682,Herb,Drissell,hdrissellix@livejournal.com,Male,233.69.117.77,Sweden
683,Dale,Loche,dlocheiy@edublogs.org,Male,32.192.205.133,Panama
684,Kilian,Killough,kkilloughiz@technorati.com,Male,150.217.150.13,United States
685,Kelby,MacDavitt,kmacdavittj0@mac.com,Male,19.137.54.164,China
686,Wilona,Pittem,wpittemj1@dagondesign.com,Female,138.216.236.112,Nigeria
687,Malva,Ralston,mralstonj2@blogs.com,Female,149.165.178.85,Russia
688,Valaria,Casemore,vcasemorej3@theguardian.com,Female,150.233.67.122,China
689,Carney,Puvia,cpuviaj4@tmall.com,Male,72.70.6.81,Sweden
690,Alfred,Kalf,akalfj5@accuweather.com,Male,82.57.30.70,Philippines
691,Kilian,Laxton,klaxtonj6@sciencedirect.com,Male,222.9.70.177,Peru
692,Venus,Lyford,vlyfordj7@reference.com,Female,144.111.146.251,Portugal
693,Nil,Dorward,ndorwardj8@slashdot.org,Male,190.135.146.23,China
694,Ellynn,Gilpillan,egilpillanj9@sbwire.com,Female,211.61.86.138,Ukraine
695,Jammal,Skitral,jskitralja@accuweather.com,Male,7.51.99.127,France
696,Wallie,Swalough,wswaloughjb@themeforest.net,Female,111.37.58.205,Indonesia
697,Reeva,Gumm,rgummjc@networkadvertising.org,Female,98.69.174.73,Pakistan
698,Delora,Ghelardoni,dghelardonijd@salon.com,Female,60.1.97.16,Portugal
699,Ethan,O'Harney,eoharneyje@stanford.edu,Male,219.140.77.197,Canada
700,Daryn,Bernat,dbernatjf@rambler.ru,Female,49.161.73.7,France
701,Fiorenze,Cupper,fcupperjg@apple.com,Female,112.87.61.147,Sweden
702,Penelope,Slyme,pslymejh@ebay.co.uk,Female,67.95.39.78,Peru
703,Emmalee,Peddar,epeddarji@dailymail.co.uk,Female,98.227.13.252,China
704,Lucila,Rosenauer,lrosenauerjj@miibeian.gov.cn,Female,131.219.125.203,Japan
705,Carita,Buard,cbuardjk@e-recht24.de,Female,77.244.219.109,China
706,Harlene,Holligan,hholliganjl@earthlink.net,Female,90.115.23.103,Sweden
707,Farrand,Petch,fpetchjm@mozilla.org,Female,137.128.190.53,China
708,Chery,Groucutt,cgroucuttjn@chicagotribune.com,Female,107.240.160.162,Thailand
709,Bard,Gollin,bgollinjo@miitbeian.gov.cn,Male,53.46.240.91,Thailand
710,Bev,Creebo,bcreebojp@hibu.com,Female,60.143.85.164,Niger
711,Standford,Hallgath,shallgathjq@bravesites.com,Male,85.185.243.72,Nigeria
712,Grayce,Masterton,gmastertonjr@cdbaby.com,Female,166.187.143.159,China
713,Maurine,Candie,mcandiejs@edublogs.org,Female,95.215.183.180,Philippines
714,Sheelagh,Scholar,sscholarjt@github.io,Female,230.63.101.70,China
715,Killian,Fonteyne,kfonteyneju@squarespace.com,Male,32.127.191.86,Indonesia
716,Kenn,Gould,kgouldjv@gnu.org,Male,1.48.112.210,China
717,Grantley,Mahony,gmahonyjw@foxnews.com,Male,176.106.254.62,Kyrgyzstan
718,Kassandra,Riggeard,kriggeardjx@answers.com,Female,179.131.119.106,Albania
719,Salvidor,Ruggen,sruggenjy@si.edu,Male,61.91.238.28,Russia
720,Trent,Crambie,tcrambiejz@51.la,Male,227.235.216.74,Poland
721,Jefferey,Dagleas,jdagleask0@house.gov,Male,27.73.182.109,Cameroon
722,Willy,Ventom,wventomk1@ebay.co.uk,Female,165.255.179.28,South Korea
723,Lissi,Smellie,lsmelliek2@china.com.cn,Female,120.57.30.213,Venezuela
724,Ulric,Pescod,upescodk3@i2i.jp,Male,211.170.212.201,Poland
725,Brendis,Sidlow,bsidlowk4@bloomberg.com,Male,25.61.178.106,Philippines
726,Madelyn,Robyns,mrobynsk5@latimes.com,Female,44.110.242.131,Afghanistan
727,Jaye,Immins,jimminsk6@telegraph.co.uk,Male,35.150.72.5,Azerbaijan
728,Meridel,Philliphs,mphilliphsk7@canalblog.com,Female,30.76.184.182,China
729,Harmon,Crookall,hcrookallk8@fda.gov,Male,93.144.70.26,China
730,Anatole,Coronas,acoronask9@goo.ne.jp,Male,13.20.121.70,Russia
731,Graham,Benyan,gbenyanka@walmart.com,Male,83.173.25.179,China
732,Kris,Tinklin,ktinklinkb@t-online.de,Male,59.84.6.167,Indonesia
733,Patten,Stodd,pstoddkc@kickstarter.com,Male,161.81.143.3,Brazil
734,Hermione,Bricknell,hbricknellkd@gizmodo.com,Female,184.96.136.138,Malawi
735,Caryl,Duff,cduffke@sun.com,Male,217.93.80.212,Thailand
736,Robby,Gutherson,rguthersonkf@1und1.de,Female,51.135.196.125,United States
737,Marlo,Heinlein,mheinleinkg@si.edu,Male,150.89.108.64,China
738,Floyd,Scullin,fscullinkh@home.pl,Male,125.238.197.186,China
739,Kevin,Badam,kbadamki@infoseek.co.jp,Male,53.202.249.175,Macedonia
740,Cathie,Garlette,cgarlettekj@seattletimes.com,Female,193.178.227.211,China
741,Terrell,Quarterman,tquartermankk@squidoo.com,Male,29.46.42.202,Argentina
742,Arturo,Couldwell,acouldwellkl@51.la,Male,40.211.182.186,Russia
743,Errick,Bus,ebuskm@twitpic.com,Male,213.7.195.200,Tunisia
744,Cal,Hughes,chugheskn@wikia.com,Female,160.182.69.86,Thailand
745,Henrik,Beminster,hbeminsterko@bloomberg.com,Male,139.45.130.73,China
746,Cullan,Tirkin,ctirkinkp@intel.com,Male,22.114.67.104,Ukraine
747,Melinde,Vollam,mvollamkq@freewebs.com,Female,172.83.173.168,Poland
748,Thoma,Sclater,tsclaterkr@uol.com.br,Male,4.115.58.114,Indonesia
749,Hermione,Scandrick,hscandrickks@unicef.org,Female,56.231.76.20,Russia
750,Mirabella,D'Enrico,mdenricokt@google.com.au,Female,58.57.120.244,Russia
751,Joseito,Jeffryes,jjeffryesku@reddit.com,Male,160.140.182.242,China
752,Albie,Cromblehome,acromblehomekv@nih.gov,Male,64.176.126.182,Portugal
753,Wyatan,Gleadhall,wgleadhallkw@chronoengine.com,Male,222.244.52.230,Poland
754,Genny,Lydden,glyddenkx@samsung.com,Female,73.161.47.187,Portugal
755,Dorothea,Aleksandrev,daleksandrevky@i2i.jp,Female,186.43.245.245,Indonesia
756,Babara,Wickstead,bwicksteadkz@imageshack.us,Female,236.4.246.107,Armenia
757,Titus,Kwietak,tkwietakl0@nsw.gov.au,Male,15.47.170.50,France
758,Liesa,Ranns,lrannsl1@google.fr,Female,245.221.236.235,United States
759,Beniamino,Gallegos,bgallegosl2@paypal.com,Male,193.62.103.7,Bulgaria
760,Denice,Jessep,djessepl3@ameblo.jp,Female,59.221.64.198,Brazil
761,Orlan,Hallas,ohallasl4@smh.com.au,Male,99.229.134.186,Poland
762,Clarine,Tombs,ctombsl5@pcworld.com,Female,218.106.148.112,Russia
763,Nertie,Le Grice,nlegricel6@icio.us,Female,223.25.58.169,Indonesia
764,Ginger,Clemow,gclemowl7@blogger.com,Female,68.214.164.142,Croatia
765,Delano,Purchase,dpurchasel8@theatlantic.com,Male,181.107.30.241,Brazil
766,Marybelle,Ruffler,mrufflerl9@1und1.de,Female,29.190.150.250,Russia
767,Morgana,McLachlan,mmclachlanla@delicious.com,Female,125.41.80.55,United States
768,Elsie,Beet,ebeetlb@tripadvisor.com,Female,98.64.196.118,Brazil
769,Ira,McEnery,imcenerylc@dyndns.org,Female,5.43.15.244,China
770,Arlee,Cuncarr,acuncarrld@sourceforge.net,Female,0.188.30.175,Spain
771,Giralda,Boswood,gboswoodle@whitehouse.gov,Female,167.144.242.150,Iran
772,Baily,Lobell,blobelllf@qq.com,Male,105.46.144.229,Palestinian Territory
773,Vanya,Aslott,vaslottlg@sun.com,Male,110.192.206.150,Indonesia
774,Florri,Gratten,fgrattenlh@msn.com,Female,11.216.41.139,Panama
775,Merline,Hammerson,mhammersonli@constantcontact.com,Female,29.178.70.93,United States
776,Ulises,Wooller,uwoollerlj@theatlantic.com,Male,163.231.141.19,Russia
777,Tobiah,Girke,tgirkelk@disqus.com,Male,161.121.139.55,Indonesia
778,Marja,Keeves,mkeevesll@163.com,Female,131.41.61.33,Sweden
779,Patric,Jellico,pjellicolm@apple.com,Male,67.4.60.4,China
780,Ezequiel,Bisatt,ebisattln@bing.com,Male,40.65.50.227,China
781,Rowen,Shovelin,rshovelinlo@usda.gov,Male,61.112.27.21,Kenya
782,Clemmie,Couronne,ccouronnelp@usgs.gov,Male,140.47.89.198,Indonesia
783,Norri,Drillingcourt,ndrillingcourtlq@wufoo.com,Female,84.27.208.231,China
784,Shaylyn,Parkman,sparkmanlr@zdnet.com,Female,42.119.177.140,United States
785,Steve,Esp,sespls@cnet.com,Male,208.228.223.26,France
786,Sharai,Twittey,stwitteylt@unicef.org,Female,184.149.167.14,Indonesia
787,Arlene,Pettinger,apettingerlu@liveinternet.ru,Female,90.241.242.89,Philippines
788,Roxanne,Witherdon,rwitherdonlv@va.gov,Female,250.8.175.152,China
789,Berthe,Harler,bharlerlw@google.fr,Female,15.181.141.111,Slovenia
790,Adey,Jikylls,ajikyllslx@example.com,Female,226.35.245.232,Philippines
791,Lissie,Preddle,lpreddlely@vinaora.com,Female,31.205.171.4,Indonesia
792,Obadias,Colerick,ocolericklz@sbwire.com,Male,14.61.60.227,China
793,Berkly,Ellerton,bellertonm0@umich.edu,Male,216.37.248.130,Norway
794,Laurie,Seabridge,lseabridgem1@godaddy.com,Male,102.5.132.214,Indonesia
795,Algernon,Hugh,ahughm2@java.com,Male,28.37.186.225,Poland
796,Jessi,Torrese,jtorresem3@npr.org,Female,249.216.232.157,Brunei
797,Evered,Nickerson,enickersonm4@sitemeter.com,Male,195.133.139.244,China
798,Alexandr,Matthias,amatthiasm5@wikispaces.com,Male,17.126.112.35,Uganda
799,Fabiano,Connold,fconnoldm6@chronoengine.com,Male,200.4.47.60,Japan
800,Arnold,Praill,apraillm7@disqus.com,Male,197.126.120.14,China
801,Jozef,Bruhn,jbruhnm8@webmd.com,Male,129.216.247.96,United Kingdom
802,Glynn,Syson,gsysonm9@list-manage.com,Male,168.117.249.3,Venezuela
803,Giacobo,Tallis,gtallisma@narod.ru,Male,167.206.226.13,Sweden
804,Napoleon,Elloit,nelloitmb@harvard.edu,Male,98.202.141.240,Albania
805,Felicity,Stedell,fstedellmc@europa.eu,Female,166.84.29.240,Peru
806,Vasilis,Summerskill,vsummerskillmd@miitbeian.gov.cn,Male,13.102.215.86,China
807,Drusilla,Litterick,dlitterickme@instagram.com,Female,174.206.217.67,China
808,Raynell,Stallon,rstallonmf@infoseek.co.jp,Female,114.205.111.41,China
809,Wendy,Jaskiewicz,wjaskiewiczmg@samsung.com,Female,104.191.48.211,China
810,Beaufort,Bastard,bbastardmh@jiathis.com,Male,236.135.115.164,China
811,Zack,Dyble,zdyblemi@goo.ne.jp,Male,233.26.202.206,Ukraine
812,Helena,Meachan,hmeachanmj@engadget.com,Female,65.11.109.17,Armenia
813,Pet,Earles,pearlesmk@nationalgeographic.com,Female,163.204.56.210,Ivory Coast
814,Mitchel,Reddihough,mreddihoughml@over-blog.com,Male,10.106.231.136,Indonesia
815,Isador,Curnock,icurnockmm@dell.com,Male,209.144.219.73,Greece
816,Edan,Haselup,ehaselupmn@soup.io,Male,112.91.1.77,Portugal
817,Zachary,Poinsett,zpoinsettmo@google.pl,Male,119.218.32.246,Russia
818,Brion,Bardnam,bbardnammp@harvard.edu,Male,39.210.241.143,Russia
819,Zebulon,Ralestone,zralestonemq@topsy.com,Male,108.46.184.187,Venezuela
820,Alejandro,Dorset,adorsetmr@hibu.com,Male,108.46.44.21,Japan
821,Starlin,Joslow,sjoslowms@deviantart.com,Female,141.184.236.136,Ethiopia
822,Laurence,Brazear,lbrazearmt@jiathis.com,Male,105.24.56.234,Canada
823,Marthena,Rumming,mrummingmu@alexa.com,Female,126.45.232.199,Palestinian Territory
824,Joscelin,Gatesman,jgatesmanmv@about.me,Female,163.178.212.85,China
825,Sean,Lepper,sleppermw@google.ru,Male,72.232.155.165,Tajikistan
826,Ricki,Cloney,rcloneymx@army.mil,Female,228.254.159.84,Poland
827,Gerick,Prestedge,gprestedgemy@discovery.com,Male,248.17.97.88,China
828,Douglass,Winwood,dwinwoodmz@over-blog.com,Male,242.43.169.128,Belarus
829,Zorah,Dakin,zdakinn0@mlb.com,Female,48.196.78.193,Swaziland
830,Broddy,Ethridge,bethridgen1@cam.ac.uk,Male,246.142.57.19,Denmark
831,Stacy,Alonso,salonson2@oracle.com,Female,92.87.235.62,Russia
832,Nicholas,Paulsen,npaulsenn3@hubpages.com,Male,199.169.54.146,Egypt
833,Sarena,Andrejs,sandrejsn4@w3.org,Female,44.208.232.181,China
834,Justus,Poll,jpolln5@bandcamp.com,Male,17.157.140.83,Georgia
835,Amory,Burden,aburdenn6@netvibes.com,Male,116.20.243.179,China
836,Mindy,Duesbury,mduesburyn7@i2i.jp,Female,250.175.241.110,Bangladesh
837,Duffy,Cloughton,dcloughtonn8@artisteer.com,Male,33.144.237.5,Philippines
838,Aubree,Mattiuzzi,amattiuzzin9@google.es,Female,52.221.167.151,Portugal
839,Griffie,Scotchmor,gscotchmorna@example.com,Male,197.101.96.210,North Korea
840,Dall,Cadden,dcaddennb@samsung.com,Male,123.255.102.72,China
841,Georgy,Habbergham,ghabberghamnc@pagesperso-orange.fr,Male,52.34.200.12,Ukraine
842,Vance,Prandy,vprandynd@dell.com,Male,5.81.71.134,France
843,Reamonn,Dainton,rdaintonne@pinterest.com,Male,50.228.154.150,China
844,Ermanno,Shoutt,eshouttnf@spiegel.de,Male,17.53.210.123,Venezuela
845,Rawley,Frenzl,rfrenzlng@ca.gov,Male,135.54.60.9,Ukraine
846,Alfredo,Bartelli,abartellinh@hugedomains.com,Male,110.254.207.49,Russia
847,Stefania,Stot,sstotni@unc.edu,Female,73.204.210.29,Angola
848,Irving,McLennan,imclennannj@army.mil,Male,57.239.114.88,Thailand
849,Mariette,Aulsford,maulsfordnk@npr.org,Female,133.2.163.197,Portugal
850,Romeo,Chazette,rchazettenl@jimdo.com,Male,247.249.107.202,Indonesia
851,Herbie,Lothlorien,hlothloriennm@boston.com,Male,49.3.99.121,Russia
852,Shela,Milkeham,smilkehamnn@cnn.com,Female,101.96.192.75,Indonesia
853,Athena,Lewens,alewensno@wordpress.com,Female,146.181.7.236,Japan
854,Reeva,Jaxon,rjaxonnp@webmd.com,Female,87.143.240.135,Czech Republic
855,Alic,Maryon,amaryonnq@elpais.com,Male,254.252.150.205,Albania
856,Aluino,Shapcote,ashapcotenr@cyberchimps.com,Male,90.108.77.120,France
857,Maxy,Awmack,mawmackns@gmpg.org,Male,172.135.112.6,China
858,Benedicto,Witherington,bwitheringtonnt@aboutads.info,Male,140.30.240.112,China
859,Kellyann,Ghelerdini,kghelerdininu@phoca.cz,Female,55.98.108.162,French Guiana
860,Fran,Gercken,fgerckennv@si.edu,Male,87.31.158.240,Indonesia
861,Vladamir,Gayther,vgaythernw@networkadvertising.org,Male,77.90.215.170,China
862,Ailee,Carnelley,acarnelleynx@nasa.gov,Female,219.215.187.202,China
863,Engracia,Guerriero,eguerrierony@adobe.com,Female,127.207.75.198,China
864,Junette,Crone,jcronenz@a8.net,Female,217.110.157.51,Czech Republic
865,Dirk,McPartling,dmcpartlingo0@chronoengine.com,Male,159.67.152.209,China
866,Merle,Winfield,mwinfieldo1@ft.com,Male,57.14.136.20,Sierra Leone
867,Kira,Tuftin,ktuftino2@delicious.com,Female,28.71.99.88,Belarus
868,Jaime,Mowling,jmowlingo3@twitter.com,Male,173.189.201.235,Brazil
869,Klement,Maylott,kmaylotto4@unesco.org,Male,106.93.38.97,Bosnia and Herzegovina
870,Sabra,Spratt,sspratto5@illinois.edu,Female,106.60.115.220,Uzbekistan
871,Theda,Schwanden,tschwandeno6@smh.com.au,Female,17.74.102.6,United States
872,Lisette,Dmisek,ldmiseko7@360.cn,Female,11.120.123.9,Dominica
873,Dian,Maestrini,dmaestrinio8@hugedomains.com,Female,108.172.130.6,Venezuela
874,Alyosha,Hundy,ahundyo9@woothemes.com,Male,212.88.142.242,China
875,Fiann,MacCafferty,fmaccaffertyoa@cargocollective.com,Female,53.223.45.243,Greece
876,Brittni,Paolillo,bpaolilloob@samsung.com,Female,36.86.57.253,China
877,Antonius,Ferrey,aferreyoc@boston.com,Male,112.25.33.201,Brazil
878,Ruthi,Fitchew,rfitchewod@wikipedia.org,Female,203.168.65.87,Russia
879,Neville,Heathwood,nheathwoodoe@surveymonkey.com,Male,133.53.197.254,Brazil
880,Jada,Spridgeon,jspridgeonof@meetup.com,Female,96.170.86.47,France
881,Jedidiah,Gorusso,jgorussoog@cornell.edu,Male,78.74.159.170,Guatemala
882,Hartwell,Looks,hlooksoh@wikimedia.org,Male,204.204.13.165,Slovenia
883,Dinnie,Lachaize,dlachaizeoi@live.com,Female,139.249.165.250,Indonesia
884,Beverlee,Emps,bempsoj@wix.com,Female,84.79.239.58,Tajikistan
885,Roshelle,Schade,rschadeok@sitemeter.com,Female,254.108.70.180,France
886,Chico,Spreckley,cspreckleyol@elpais.com,Male,145.78.107.239,Tanzania
887,Umberto,Chitter,uchitterom@berkeley.edu,Male,105.83.60.44,Vietnam
888,Bryn,Cardall,bcardallon@mozilla.com,Male,213.150.212.107,United Kingdom
889,Garth,Klesl,gklesloo@unicef.org,Male,237.176.28.5,Indonesia
890,Elke,Reinmar,ereinmarop@telegraph.co.uk,Female,128.242.168.169,Belarus
891,Gareth,Catenot,gcatenotoq@state.tx.us,Male,127.206.97.116,France
892,Yettie,Blonfield,yblonfieldor@chronoengine.com,Female,181.153.196.218,China
893,Christie,Derdes,cderdesos@scribd.com,Male,150.197.247.1,Bolivia
894,Courtney,Rudd,cruddot@dropbox.com,Female,154.183.110.179,United States
895,Edna,Banasik,ebanasikou@bloglovin.com,Female,251.5.210.37,Colombia
896,Ganny,Quarrie,gquarrieov@xinhuanet.com,Male,221.160.95.132,China
897,Blancha,Cuxson,bcuxsonow@state.gov,Female,105.201.59.73,Greece
898,Diana,Giacobbo,dgiacobboox@nationalgeographic.com,Female,214.58.24.217,Serbia
899,Devon,Warrillow,dwarrillowoy@stumbleupon.com,Female,213.163.17.157,Haiti
900,Belinda,Glauber,bglauberoz@4shared.com,Female,98.209.189.49,China
901,Jsandye,Grandison,jgrandisonp0@newsvine.com,Female,18.28.100.188,Indonesia
902,Val,Lorand,vlorandp1@wp.com,Male,106.105.235.245,Chile
903,Josie,Probbing,jprobbingp2@google.de,Female,190.210.216.84,Italy
904,Conan,Habble,chabblep3@dot.gov,Male,230.148.36.212,Russia
905,Vivie,Perris,vperrisp4@tinyurl.com,Female,200.160.251.40,Philippines
906,Karney,Matveiko,kmatveikop5@prlog.org,Male,155.161.240.98,Russia
907,Dallon,Kitching,dkitchingp6@usda.gov,Male,225.43.115.189,China
908,Baryram,Tatham,btathamp7@wikia.com,Male,232.144.72.148,Poland
909,Friedrick,Philps,fphilpsp8@ovh.net,Male,24.247.196.195,Indonesia
910,Binny,Lumbly,blumblyp9@sohu.com,Female,160.74.164.18,China
911,Nevile,Halleday,nhalledaypa@sbwire.com,Male,206.225.36.87,France
912,Ibby,Bewly,ibewlypb@tiny.cc,Female,148.70.69.18,Canada
913,Trenna,Bangham,tbanghampc@va.gov,Female,118.102.192.149,Russia
914,Corey,Komorowski,ckomorowskipd@flavors.me,Female,58.95.139.56,China
915,Andrea,Binden,abindenpe@intel.com,Male,187.44.20.41,China
916,Jermaine,Shilstone,jshilstonepf@ebay.co.uk,Female,189.241.207.96,Russia
917,Kimmy,Somerton,ksomertonpg@dyndns.org,Female,173.16.12.153,Brazil
918,Svend,Marshal,smarshalph@ucla.edu,Male,122.173.6.153,Colombia
919,Adriena,Dumphrey,adumphreypi@jugem.jp,Female,247.120.21.243,Afghanistan
920,Row,Jakoub,rjakoubpj@nsw.gov.au,Female,89.8.140.118,Canada
921,Sammie,Simmonett,ssimmonettpk@wisc.edu,Male,95.198.87.32,Indonesia
922,Hannah,Kift,hkiftpl@sphinn.com,Female,116.42.196.211,United States
923,Hersh,Corkel,hcorkelpm@biblegateway.com,Male,249.113.229.203,Honduras
924,Whitby,Andriss,wandrisspn@youtube.com,Male,2.64.164.196,China
925,Eve,Parres,eparrespo@constantcontact.com,Female,191.9.52.225,United States
926,Benedikt,Bloom,bbloompp@yellowpages.com,Male,234.233.185.122,Chad
927,Phil,Candish,pcandishpq@xinhuanet.com,Female,173.254.68.51,China
928,Flora,Mustchin,fmustchinpr@de.vu,Female,14.215.34.130,China
929,Etienne,Tassel,etasselps@senate.gov,Male,117.95.139.88,Bulgaria
930,Teriann,Carrick,tcarrickpt@newsvine.com,Female,159.151.153.176,Uganda
931,Sargent,Sheara,sshearapu@sourceforge.net,Male,12.195.13.22,Indonesia
932,Bar,Goodley,bgoodleypv@bbc.co.uk,Male,243.199.179.29,China
933,Mirabella,Silverthorn,msilverthornpw@sakura.ne.jp,Female,177.169.53.47,Central African Republic
934,Klarika,Hakes,khakespx@eepurl.com,Female,244.106.142.146,Greece
935,Homere,Nairy,hnairypy@google.com,Male,33.48.121.142,Portugal
936,Dugald,Lafayette,dlafayettepz@time.com,Male,127.125.66.97,Poland
937,Carla,Korejs,ckorejsq0@ebay.com,Female,122.211.41.238,Canada
938,Reg,Plose,rploseq1@marriott.com,Male,148.84.171.200,Russia
939,Fons,Gorman,fgormanq2@sphinn.com,Male,49.120.0.59,Poland
940,Effie,Hast,ehastq3@sourceforge.net,Female,33.47.87.81,Colombia
941,Hillie,Mougin,hmouginq4@google.com.au,Male,0.130.68.110,France
942,Merrel,Mylan,mmylanq5@earthlink.net,Male,5.106.50.145,Philippines
943,Sidoney,Boor,sboorq6@yelp.com,Female,225.168.169.57,Nigeria
944,Una,Dalyell,udalyellq7@xing.com,Female,194.154.109.115,France
945,Rianon,Cushworth,rcushworthq8@t.co,Female,217.148.119.209,Russia
946,Tracy,Drillingcourt,tdrillingcourtq9@live.com,Male,34.201.123.98,North Korea
947,Leshia,Witten,lwittenqa@nba.com,Female,124.126.50.168,China
948,Yetta,Zylbermann,yzylbermannqb@si.edu,Female,68.78.154.174,Peru
949,Andrea,Bridger,abridgerqc@toplist.cz,Male,102.85.8.149,Philippines
950,Saraann,Huske,shuskeqd@ox.ac.uk,Female,116.235.153.159,China
951,Worthy,Mosco,wmoscoqe@japanpost.jp,Male,162.101.37.49,Indonesia
952,Sid,Knibb,sknibbqf@yellowbook.com,Male,25.153.97.245,Japan
953,Chance,Bee,cbeeqg@devhub.com,Male,239.128.32.12,Bosnia and Herzegovina
954,Gilemette,O'Griffin,gogriffinqh@macromedia.com,Female,146.12.119.198,Brazil
955,Almeria,Bagley,abagleyqi@biglobe.ne.jp,Female,109.149.18.64,Sweden
956,Teador,Coggen,tcoggenqj@mail.ru,Male,171.0.174.29,Poland
957,Michele,Woolnough,mwoolnoughqk@paginegialle.it,Male,157.88.4.130,Russia
958,Silvain,Calver,scalverql@posterous.com,Male,13.134.209.135,China
959,Nyssa,Mapston,nmapstonqm@umn.edu,Female,159.24.99.135,China
960,Bili,Halloway,bhallowayqn@businesswire.com,Female,24.20.35.217,China
961,Kellsie,Kornilov,kkornilovqo@engadget.com,Female,50.90.4.229,Indonesia
962,Crosby,Puttan,cputtanqp@huffingtonpost.com,Male,127.207.163.15,Russia
963,Blythe,Chilver,bchilverqq@time.com,Female,251.34.145.199,Palestinian Territory
964,Marja,Dorot,mdorotqr@house.gov,Female,249.213.212.32,Japan
965,Dukie,Martindale,dmartindaleqs@naver.com,Male,237.43.30.133,Russia
966,Clark,Yaldren,cyaldrenqt@desdev.cn,Male,44.251.197.93,Iran
967,Lonnard,Hymus,lhymusqu@bluehost.com,Male,250.10.230.83,Cyprus
968,Morlee,Bauser,mbauserqv@msn.com,Male,209.186.211.194,Indonesia
969,Maximo,Hynard,mhynardqw@ifeng.com,Male,28.86.111.69,Moldova
970,Windham,O'Sirin,wosirinqx@newyorker.com,Male,94.67.233.124,China
971,Andreana,O'Codihie,aocodihieqy@blogger.com,Female,196.248.112.1,Indonesia
972,Chad,Tousy,ctousyqz@cam.ac.uk,Male,243.159.11.18,Portugal
973,Maryellen,De Bruyn,mdebruynr0@quantcast.com,Female,71.59.120.93,Greece
974,Wernher,Loughhead,wloughheadr1@harvard.edu,Male,212.242.17.187,Finland
975,Keene,Bellefonte,kbellefonter2@blogger.com,Male,123.199.184.68,Russia
976,Peta,Greenside,pgreensider3@cyberchimps.com,Female,149.25.108.125,Peru
977,Cary,Stooders,cstoodersr4@webnode.com,Female,158.196.158.33,Kuwait
978,Kari,O'Gleasane,kogleasaner5@is.gd,Female,234.226.137.51,Jamaica
979,Alejoa,Wiffill,awiffillr6@artisteer.com,Male,73.203.91.157,Philippines
980,Chanda,Sertin,csertinr7@java.com,Female,36.61.6.224,China
981,Layton,Pickerin,lpickerinr8@earthlink.net,Male,251.241.159.220,Indonesia
982,Raynor,Chauvey,rchauveyr9@ox.ac.uk,Male,7.162.245.125,France
983,Ingram,Weiner,iweinerra@sciencedirect.com,Male,103.79.244.232,Poland
984,Tessy,Whiffen,twhiffenrb@comcast.net,Female,167.193.19.132,South Korea
985,Eldridge,Dimmack,edimmackrc@mayoclinic.com,Male,77.225.68.255,Democratic Republic of the Congo
986,Tildi,Edgley,tedgleyrd@intel.com,Female,11.254.230.246,Poland
987,Daffi,Sherrock,dsherrockre@icio.us,Female,115.94.86.206,Hungary
988,Lennie,Pfeiffer,lpfeifferrf@booking.com,Male,254.97.10.77,Indonesia
989,Leonora,Counsell,lcounsellrg@independent.co.uk,Female,179.200.119.103,Jamaica
990,Miner,Springate,mspringaterh@irs.gov,Male,44.175.15.23,Venezuela
991,Ignaz,Quinnelly,iquinnellyri@tumblr.com,Male,83.71.127.242,Ivory Coast
992,Gaston,Aizkovitch,gaizkovitchrj@thetimes.co.uk,Male,113.176.246.5,Myanmar
993,Hedda,Everson,heversonrk@sohu.com,Female,39.217.211.7,Martinique
994,Kristi,Mifflin,kmifflinrl@pinterest.com,Female,182.230.120.229,Japan
995,Conn,Excell,cexcellrm@slashdot.org,Male,227.108.59.70,China
996,Adolphe,Mughal,amughalrn@latimes.com,Male,159.43.123.29,Ukraine
997,Adrea,Barmadier,abarmadierro@diigo.com,Female,189.155.230.223,China
998,Lorine,Ketley,lketleyrp@webmd.com,Female,27.243.95.202,Portugal
999,Isiahi,Stare,istarerq@sciencedirect.com,Male,63.44.238.241,Philippines
1000,Tory,Jinks,tjinksrr@marriott.com,Female,242.174.168.4,Sao Tome and Principe
